iteration,env_steps,episode_return,episode_seconds,upright_seconds,eval_success,eval_upright_seconds,level,level_success,noise_std,wall_seconds
25,409600,694.28,2.794,0.811,0.000,0.126,0.10,0.000,0.2945,25
50,819200,1813.85,5.482,3.113,0.000,0.189,0.10,0.016,0.2623,50
75,1228800,4851.41,13.205,10.382,0.000,0.152,0.10,1.000,0.2261,73
100,1638400,9282.50,23.782,20.569,0.000,0.164,0.12,1.000,0.2070,95
125,2048000,9835.37,25.224,21.652,0.000,0.137,0.16,1.000,0.1940,117
150,2457600,9875.18,25.562,21.192,0.000,0.107,0.20,1.000,0.1782,138
175,2867200,10236.35,25.918,22.594,0.000,0.095,0.24,1.000,0.1670,159
200,3276800,10031.69,25.311,22.204,0.000,0.117,0.31,1.000,0.1644,181
225,3686400,9880.83,25.471,21.055,0.000,0.134,0.38,0.953,0.1585,203
250,4096000,8371.70,21.503,17.954,0.000,0.249,0.48,0.734,0.1535,224
275,4505600,6588.56,17.832,13.141,0.000,0.126,0.60,0.578,0.1483,245
300,4915200,7798.87,20.288,16.617,0.000,0.096,0.60,0.781,0.1487,268
325,5324800,4953.56,14.266,8.590,0.000,0.082,0.75,0.453,0.1405,290
350,5734400,6231.24,17.067,12.005,0.031,0.287,0.75,0.375,0.1323,315
375,6144000,6033.34,16.855,10.991,0.000,0.077,0.75,0.422,0.1207,339
400,6553600,6215.95,16.694,12.284,0.062,1.075,0.75,0.578,0.1126,363
425,6963200,7324.31,19.614,14.661,0.000,0.368,0.75,0.750,0.1081,387
450,7372800,4902.83,14.129,8.184,0.000,0.613,0.93,0.234,0.1026,409
475,7782400,5106.17,14.727,8.562,0.094,2.006,0.93,0.531,0.1000,433
500,8192000,5559.72,16.373,8.897,0.062,1.482,0.93,0.469,0.1002,456
525,8601600,5625.91,15.852,10.140,0.031,0.710,0.93,0.438,0.1000,484
550,9011200,6174.96,18.485,9.342,0.000,0.077,0.93,0.469,0.1000,512
575,9420800,5183.90,15.018,8.481,0.031,0.777,0.93,0.375,0.1002,536
600,9830400,6116.01,17.379,10.446,0.062,0.988,0.93,0.641,0.1000,561
625,10240000,6456.52,18.066,11.640,0.000,0.894,0.93,0.641,0.1001,585
650,10649600,6782.84,18.652,12.603,0.031,0.817,0.93,0.578,0.1000,610
675,11059200,6624.20,19.155,10.578,0.188,5.602,0.93,0.672,0.1031,633
700,11468800,6458.45,17.672,12.226,0.281,7.828,0.93,0.703,0.1000,656
725,11878400,7934.49,22.318,13.422,0.125,3.579,1.16,0.578,0.1000,677
750,12288000,6951.13,19.997,11.013,0.125,3.983,1.16,0.562,0.1009,699
775,12697600,7366.80,20.889,12.121,0.062,2.155,1.16,0.484,0.1021,723
800,13107200,6885.28,18.968,12.170,0.031,0.552,1.16,0.469,0.1005,745
825,13516800,6314.46,18.289,9.739,0.125,3.429,1.16,0.281,0.1000,769
850,13926400,6864.25,19.157,12.064,0.188,8.337,1.16,0.500,0.1006,793
875,14336000,7349.23,20.660,12.363,0.000,0.320,1.16,0.422,0.1000,819
900,14745600,6809.18,19.357,11.037,0.156,7.652,1.16,0.406,0.1000,844
925,15155200,6222.38,18.320,9.256,0.062,1.863,1.16,0.391,0.1000,870
950,15564800,6237.47,18.441,8.998,0.062,1.157,1.16,0.438,0.1010,898
975,15974400,6633.17,19.392,10.115,0.000,0.430,1.16,0.516,0.1000,927
1000,16384000,6959.67,20.101,10.826,0.062,1.359,1.16,0.641,0.1000,957
1025,16793600,7134.25,20.980,10.573,0.031,1.671,1.16,0.500,0.1000,987
1050,17203200,6915.47,20.246,10.447,0.031,0.964,1.16,0.469,0.1000,1018
1075,17612800,6747.30,19.370,10.733,0.062,1.122,1.16,0.594,0.1008,1046
1100,18022400,7387.25,20.796,12.231,0.281,7.103,1.16,0.562,0.1000,1072
1125,18432000,7247.73,21.448,10.191,0.062,1.557,1.16,0.562,0.1000,1100
1150,18841600,6732.73,19.613,9.848,0.031,0.581,1.16,0.453,0.1006,1128
1175,19251200,6455.18,19.385,8.443,0.156,4.068,1.16,0.312,0.1000,1156
1200,19660800,6478.75,18.911,9.567,0.125,5.457,1.16,0.359,0.1000,1187
1225,20070400,6519.14,18.740,10.080,0.094,2.766,1.16,0.438,0.1003,1216
1250,20480000,7132.43,19.924,11.900,0.250,7.867,1.16,0.422,0.1008,1245
1275,20889600,6672.68,19.628,9.752,0.156,4.534,1.16,0.438,0.1000,1273
1300,21299200,7021.96,20.556,10.139,0.156,3.986,1.16,0.594,0.1001,1299
1325,21708800,6874.77,19.829,10.554,0.094,2.931,1.16,0.422,0.1000,1327
1350,22118400,6490.47,18.875,9.397,0.219,6.611,1.16,0.391,0.1003,1355
1375,22528000,6333.17,19.311,7.768,0.156,3.203,1.16,0.484,0.1000,1384
1400,22937600,6978.31,20.901,9.035,0.281,8.028,1.16,0.484,0.1000,1415
1425,23347200,6543.78,19.522,8.856,0.188,6.820,1.16,0.500,0.1000,1445
1450,23756800,6917.58,19.899,10.559,0.219,6.437,1.16,0.438,0.1000,1472
1475,24166400,7146.82,20.176,11.445,0.062,2.033,1.16,0.500,0.1000,1498
1500,24576000,6212.22,17.836,9.631,0.156,4.007,1.16,0.531,0.1012,1525
1525,24985600,6335.95,18.491,9.185,0.031,0.355,1.16,0.469,0.1012,1553
1550,25395200,6634.75,18.901,10.371,0.219,7.257,1.16,0.453,0.1000,1582
1575,25804800,6307.84,18.618,8.752,0.250,6.535,1.16,0.609,0.1000,1610
1600,26214400,7377.87,21.164,11.615,0.250,9.197,1.16,0.375,0.1000,1639
1625,26624000,6509.72,18.934,9.582,0.125,4.426,1.16,0.484,0.1000,1668
1650,27033600,6116.58,17.611,9.277,0.188,6.440,1.16,0.562,0.1007,1698
1675,27443200,7146.93,20.363,11.277,0.000,0.224,1.16,0.453,0.1000,1728
1700,27852800,7253.38,20.828,11.078,0.094,2.829,1.16,0.516,0.1000,1757
1725,28262400,7428.46,21.386,10.999,0.188,5.700,1.16,0.500,0.1012,1783
1750,28672000,7559.59,21.054,12.807,0.344,9.866,1.16,0.625,0.1002,1805
1775,29081600,7654.39,21.439,12.754,0.156,4.502,1.16,0.469,0.1000,1828
1800,29491200,6705.89,19.109,10.522,0.250,7.506,1.16,0.594,0.1006,1851
1825,29900800,7653.77,21.412,12.331,0.031,1.295,1.16,0.516,0.1004,1880
1850,30310400,7578.16,21.755,10.973,0.094,2.060,1.16,0.625,0.1000,1907
1875,30720000,6701.22,19.349,9.558,0.250,3.979,1.16,0.500,0.1009,1933
1900,31129600,7642.52,21.316,12.347,0.156,2.654,1.16,0.516,0.1000,1958
1925,31539200,7628.68,21.815,11.639,0.031,1.042,1.16,0.516,0.1003,1983
1950,31948800,6628.54,19.307,9.724,0.344,10.031,1.16,0.469,0.1000,2007
1975,32358400,7544.51,21.530,11.821,0.156,3.828,1.16,0.469,0.1003,2030
2000,32768000,6663.18,19.858,8.377,0.375,10.404,1.16,0.469,0.1006,2053
2025,33177600,7163.90,19.959,11.952,0.438,11.119,1.16,0.656,0.1000,2080
2050,33587200,7505.02,20.809,12.223,0.250,6.608,1.16,0.609,0.1000,2108
2075,33996800,7290.92,20.811,10.953,0.094,2.831,1.16,0.000,0.1000,2139
2100,34406400,6764.60,20.166,8.712,0.219,5.809,1.16,0.531,0.1003,2168
2125,34816000,7629.81,21.490,12.003,0.156,3.507,1.16,0.656,0.1000,2198
2150,35225600,5600.68,18.020,4.611,0.344,8.591,1.16,0.578,0.1001,2225
2175,35635200,7780.88,21.499,13.108,0.281,6.536,1.16,0.625,0.1008,2254
2200,36044800,6930.29,19.867,10.666,0.250,5.735,1.16,0.547,0.1000,2282
2225,36454400,7725.61,21.000,13.445,0.156,3.776,1.16,0.375,0.1000,2312
2250,36864000,7291.62,20.957,11.223,0.219,5.546,1.16,0.625,0.1001,2342
2275,37273600,8016.10,22.539,13.541,0.094,2.440,1.16,0.422,0.1001,2374
2300,37683200,7440.27,21.508,11.711,0.094,9.298,1.16,0.016,0.1000,2404
2325,38092800,6857.40,19.545,11.395,0.156,4.048,1.16,0.578,0.1000,2433
2350,38502400,7628.28,21.008,13.229,0.188,4.615,1.16,0.656,0.1000,2460
2375,38912000,6742.92,20.095,8.585,0.219,6.196,1.16,0.562,0.1002,2487
2400,39321600,7241.66,20.424,11.357,0.344,8.236,1.16,0.609,0.1004,2515
2425,39731200,6520.13,18.911,9.760,0.250,6.339,1.16,0.609,0.1000,2543
2450,40140800,8077.68,21.822,14.359,0.312,6.191,1.16,0.656,0.1000,2575
2475,40550400,6698.89,19.124,10.166,0.156,3.702,1.16,0.656,0.1012,2608
2500,40960000,7403.58,20.982,11.497,0.000,1.383,1.16,0.000,0.1000,2639
2525,41369600,7422.22,21.280,11.882,0.281,7.855,1.16,0.516,0.1000,2667
2550,41779200,6558.75,19.179,9.065,0.125,3.849,1.16,0.531,0.1000,2693
2575,42188800,6159.84,17.746,9.579,0.312,8.479,1.16,0.547,0.1000,2718
2600,42598400,5819.02,16.417,9.215,0.000,4.376,1.16,0.000,0.1000,2743
2625,43008000,6640.24,18.554,11.394,0.188,5.084,1.16,0.516,0.1000,2773
2650,43417600,7126.09,19.832,11.940,0.156,6.128,1.16,0.469,0.1002,2803
2675,43827200,6298.84,18.826,8.094,0.281,7.232,1.16,0.531,0.1000,2832
2700,44236800,6383.70,18.419,9.688,0.250,6.877,1.16,0.609,0.1000,2861
2725,44646400,7306.25,20.914,11.735,0.062,1.611,1.16,0.578,0.1000,2890
2750,45056000,6125.13,18.520,7.648,0.188,4.516,1.16,0.562,0.1000,2919
2775,45465600,5037.30,14.662,7.869,0.500,14.340,1.16,0.578,0.1003,2948
2800,45875200,6886.45,18.829,12.569,0.219,4.676,1.16,0.672,0.1000,2975
2825,46284800,5651.50,16.058,8.712,0.125,2.774,1.16,0.625,0.1000,3001
2850,46694400,7904.77,21.842,13.744,0.062,3.792,1.16,0.062,0.1020,3025
2875,47104000,6772.21,18.728,11.399,0.031,1.121,1.16,0.484,0.1000,3049
2900,47513600,6341.40,17.508,10.908,0.219,5.628,1.16,0.422,0.1016,3073
2925,47923200,7412.45,20.359,12.851,0.188,5.489,1.16,0.578,0.1000,3096
2950,48332800,7402.01,21.574,11.404,0.219,4.779,1.16,0.531,0.1000,3120
2975,48742400,7808.19,21.605,13.831,0.188,5.285,1.16,0.594,0.1000,3143
3000,49152000,5623.23,16.733,7.528,0.094,1.202,1.16,0.531,0.1000,3168
3025,49561600,6954.98,19.970,10.203,0.031,0.999,1.16,0.344,0.1001,3192
3050,49971200,7291.58,20.553,11.986,0.031,0.950,1.16,0.578,0.1008,3217
3075,50380800,7703.09,21.976,12.209,0.125,5.052,1.16,0.422,0.1010,3245
3100,50790400,7206.49,20.635,11.804,0.281,7.898,1.16,0.516,0.1009,3274
3125,51200000,7371.68,20.145,13.440,0.188,3.849,1.16,0.500,0.1000,3302
3150,51609600,7293.89,20.929,11.245,0.281,6.992,1.16,0.609,0.1000,3331
3175,52019200,8309.71,22.439,15.326,0.312,9.183,1.16,0.703,0.1000,3361
3200,52428800,7472.20,22.425,9.047,0.062,2.193,1.46,0.203,0.1000,3387
3225,52838400,6394.90,20.214,5.259,0.219,5.489,1.46,0.188,0.1000,3412
3250,53248000,6818.32,21.120,6.885,0.156,4.737,1.46,0.281,0.1000,3438
3275,53657600,6589.82,20.798,6.662,0.094,2.171,1.46,0.328,0.1000,3466
3300,54067200,6627.19,21.106,5.414,0.219,6.088,1.46,0.203,0.1000,3493
3325,54476800,6895.45,21.496,6.363,0.125,2.205,1.46,0.172,0.1000,3523
3350,54886400,5905.09,18.688,4.807,0.094,2.793,1.46,0.094,0.1000,3553
3375,55296000,5914.44,18.834,4.985,0.156,4.574,1.46,0.234,0.1000,3583
3400,55705600,6884.48,21.154,6.489,0.188,5.456,1.46,0.234,0.1006,3612
3425,56115200,5955.72,19.083,4.318,0.156,5.945,1.46,0.234,0.1000,3640
3450,56524800,6072.83,19.176,4.976,0.188,5.617,1.46,0.266,0.1001,3666
3475,56934400,6300.66,19.485,5.658,0.281,5.564,1.46,0.281,0.1000,3690
3500,57344000,7383.75,21.976,8.743,0.219,4.648,1.46,0.250,0.1000,3716
3525,57753600,6744.59,20.496,6.781,0.031,1.327,1.46,0.250,0.1000,3740
3550,58163200,7120.45,21.454,7.498,0.188,4.267,1.46,0.234,0.1004,3765
3575,58572800,6671.66,20.277,6.808,0.125,3.171,1.46,0.188,0.1004,3793
3600,58982400,6422.43,19.141,7.074,0.156,3.748,1.46,0.234,0.1004,3821
3625,59392000,6510.63,19.884,6.422,0.031,0.320,1.46,0.250,0.1001,3850
3650,59801600,6305.31,19.285,5.948,0.094,2.339,1.46,0.156,0.1000,3879
3675,60211200,5937.74,18.342,5.281,0.094,1.627,1.46,0.188,0.1000,3909
3700,60620800,6680.38,20.015,6.907,0.125,2.833,1.46,0.188,0.1000,3939
3725,61030400,7007.26,21.236,6.974,0.219,4.665,1.46,0.219,0.1000,3968
3750,61440000,6443.81,20.303,4.744,0.281,5.935,1.46,0.266,0.1009,3997
3775,61849600,6393.78,19.830,5.424,0.125,3.248,1.46,0.156,0.1000,4023
3800,62259200,7080.62,21.556,6.634,0.188,4.930,1.46,0.266,0.1005,4049
3825,62668800,5926.48,17.976,5.626,0.094,1.619,1.46,0.234,0.1022,4074
3850,63078400,6149.39,18.967,5.415,0.125,2.859,1.46,0.281,0.1000,4100
3875,63488000,6073.83,19.127,4.863,0.062,1.936,1.46,0.234,0.1002,4129
3900,63897600,6165.51,19.224,5.193,0.156,3.809,1.46,0.250,0.1000,4159
3925,64307200,5926.97,17.642,6.626,0.094,2.264,1.46,0.281,0.1000,4188
3950,64716800,5654.36,16.779,6.357,0.156,4.162,1.46,0.422,0.1000,4217
3975,65126400,6475.39,19.299,7.493,0.188,4.780,1.46,0.344,0.1012,4243
4000,65536000,5858.92,17.738,5.534,0.250,4.914,1.46,0.297,0.1006,4270
4025,65945600,6212.40,18.736,5.909,0.219,5.466,1.46,0.359,0.1012,4294
4050,66355200,6448.36,19.069,6.896,0.188,3.973,1.46,0.297,0.1000,4318
4075,66764800,6444.38,19.235,6.557,0.219,6.201,1.46,0.250,0.1003,4342
4100,67174400,6823.41,19.957,8.204,0.094,1.495,1.46,0.203,0.1000,4366
4125,67584000,6667.88,19.753,7.368,0.031,0.916,1.46,0.203,0.1000,4389
4150,67993600,5064.21,16.528,2.291,0.250,6.261,1.46,0.250,0.1008,4413
4175,68403200,5193.34,15.752,5.238,0.281,5.209,1.46,0.312,0.1000,4436
4200,68812800,6066.41,18.248,6.165,0.156,4.123,1.46,0.281,0.1000,4460
4225,69222400,6036.09,18.099,6.264,0.125,2.166,1.46,0.297,0.1004,4488
4250,69632000,6463.81,19.453,6.436,0.188,3.639,1.46,0.375,0.1000,4515
4275,70041600,6120.23,18.866,5.087,0.156,3.907,1.46,0.406,0.1000,4541
4300,70451200,6420.18,19.872,4.981,0.156,2.331,1.46,0.359,0.1000,4566
4325,70860800,6862.78,20.616,6.856,0.469,10.914,1.46,0.391,0.1000,4591
4350,71270400,7462.63,22.012,7.908,0.188,5.371,1.46,0.250,0.1005,4617
4375,71680000,7209.20,21.804,6.438,0.312,6.352,1.46,0.391,0.1017,4641
4400,72089600,7152.20,20.554,8.998,0.062,2.934,1.46,0.281,0.1000,4667
4425,72499200,6007.14,18.467,5.168,0.188,4.927,1.46,0.219,0.1000,4694
4450,72908800,6932.89,21.357,5.744,0.094,1.420,1.46,0.250,0.1000,4718
4475,73318400,6606.39,20.504,5.220,0.188,4.404,1.46,0.188,0.1004,4746
4500,73728000,7752.80,22.810,8.795,0.219,4.686,1.46,0.469,0.1000,4771
4525,74137600,6609.46,19.607,7.079,0.094,3.558,1.46,0.375,0.1000,4796
4550,74547200,6408.94,19.035,6.643,0.094,2.048,1.46,0.312,0.1008,4820
4575,74956800,6691.20,19.940,7.356,0.250,5.845,1.46,0.469,0.1004,4844
4600,75366400,6791.44,19.762,8.035,0.312,7.332,1.46,0.453,0.1000,4865
4625,75776000,7449.61,21.589,8.986,0.094,3.380,1.46,0.094,0.1000,4886
4650,76185600,7058.47,21.241,6.770,0.312,6.660,1.46,0.391,0.1001,4907
4675,76595200,7192.21,21.186,8.330,0.250,6.658,1.46,0.438,0.1000,4929
4700,77004800,6265.95,18.721,7.365,0.125,3.244,1.46,0.406,0.1007,4950
4725,77414400,6816.30,19.833,8.679,0.438,10.637,1.46,0.453,0.1005,4971
4750,77824000,7029.14,20.099,9.371,0.125,3.876,1.46,0.438,0.1000,4993
4775,78233600,7350.08,21.445,8.202,0.250,4.853,1.46,0.484,0.1000,5014
4800,78643200,7535.59,21.688,9.250,0.281,6.981,1.46,0.250,0.1000,5035
4825,79052800,7215.05,20.908,8.450,0.125,2.741,1.46,0.156,0.1000,5057
4850,79462400,6776.64,19.649,7.932,0.250,5.559,1.46,0.328,0.1000,5078
4875,79872000,7273.62,20.801,10.001,0.188,4.530,1.46,0.531,0.1000,5100
4900,80281600,7441.26,21.313,9.514,0.281,5.237,1.46,0.344,0.1004,5122
4925,80691200,7563.45,21.405,10.325,0.250,6.293,1.46,0.484,0.1000,5143
4950,81100800,4868.53,14.874,3.739,0.250,5.629,1.46,0.375,0.1000,5165
4975,81510400,7146.12,20.378,8.944,0.250,5.914,1.46,0.547,0.1000,5186
5000,81920000,6338.89,17.938,8.293,0.125,6.370,1.46,0.016,0.1000,5207
5025,82329600,6896.40,20.281,7.290,0.344,8.744,1.46,0.312,0.1000,5229
5050,82739200,6770.43,19.334,8.649,0.281,7.144,1.46,0.375,0.1000,5250
5075,83148800,7412.33,20.916,9.836,0.344,8.367,1.46,0.516,0.1001,5272
5100,83558400,7032.62,19.936,9.488,0.250,4.596,1.46,0.516,0.1003,5293
5125,83968000,7161.67,20.091,9.791,0.312,7.132,1.46,0.438,0.1000,5315
5150,84377600,6304.89,18.397,7.258,0.188,4.307,1.46,0.453,0.1007,5336
5175,84787200,7068.43,20.136,9.278,0.125,2.078,1.46,0.375,0.1000,5358
5200,85196800,7230.55,20.311,9.372,0.188,3.916,1.46,0.469,0.1002,5379
5225,85606400,7275.70,20.968,8.471,0.188,3.824,1.46,0.484,0.1000,5401
5250,86016000,6832.37,19.927,7.926,0.375,7.399,1.46,0.328,0.1005,5422
5275,86425600,7406.15,21.496,8.342,0.219,4.877,1.46,0.406,0.1003,5443
5300,86835200,7569.87,21.509,9.960,0.156,3.317,1.46,0.359,0.1006,5464
5325,87244800,7359.91,20.772,9.667,0.250,6.370,1.46,0.547,0.1000,5486
5350,87654400,7103.96,20.390,8.764,0.500,10.756,1.46,0.578,0.1007,5507
5375,88064000,7377.10,21.031,10.462,0.562,12.047,1.46,0.484,0.1000,5528
5400,88473600,7555.04,21.270,9.898,0.469,10.428,1.46,0.547,0.1000,5549
5425,88883200,6997.15,19.796,9.029,0.375,6.835,1.46,0.516,0.1013,5571
5450,89292800,8351.66,22.723,12.702,0.406,6.999,1.46,0.422,0.1005,5592
5475,89702400,8047.25,22.553,11.096,0.219,4.609,1.46,0.578,0.1004,5614
5500,90112000,7103.54,20.195,9.751,0.312,7.337,1.46,0.484,0.1000,5636
5525,90521600,6976.82,19.435,10.143,0.344,8.195,1.46,0.453,0.1012,5659
5550,90931200,6511.44,18.031,9.070,0.250,4.580,1.46,0.453,0.1003,5681
5575,91340800,6828.94,18.819,9.703,0.188,4.580,1.46,0.469,0.1003,5703
5600,91750400,7018.89,19.087,10.517,0.312,6.787,1.46,0.484,0.1000,5725
5625,92160000,7121.33,19.667,11.667,0.406,9.053,1.46,0.500,0.1000,5747
5650,92569600,6598.47,17.886,10.238,0.438,8.485,1.46,0.625,0.1007,5768
5675,92979200,7151.19,19.500,11.040,0.344,6.912,1.46,0.578,0.1003,5789
5700,93388800,7235.31,20.040,9.968,0.156,3.923,1.46,0.484,0.1000,5811
5725,93798400,6744.05,18.480,9.551,0.312,6.167,1.46,0.625,0.1000,5832
5750,94208000,7139.42,19.636,9.952,0.281,6.658,1.46,0.719,0.1002,5854
5775,94617600,6875.86,19.767,7.986,0.312,5.679,1.82,0.406,0.1002,5873
5800,95027200,6836.92,20.194,7.066,0.281,6.279,1.82,0.281,0.1000,5895
5825,95436800,6865.79,20.858,4.977,0.281,7.967,1.82,0.297,0.1015,5916
5850,95846400,6936.45,20.383,6.848,0.469,9.405,1.82,0.312,0.1001,5938
5875,96256000,6562.88,19.445,6.329,0.375,7.682,1.82,0.344,0.1000,5959
5900,96665600,6868.96,20.420,6.279,0.219,6.903,1.82,0.203,0.1000,5980
5925,97075200,7377.71,22.170,5.948,0.156,3.620,1.82,0.391,0.1000,6002
5950,97484800,7035.71,20.641,6.595,0.219,4.671,1.82,0.281,0.1000,6023
5975,97894400,7356.67,21.804,6.933,0.125,3.153,1.82,0.188,0.1001,6044
6000,98304000,7231.80,21.685,5.847,0.219,4.786,1.82,0.172,0.1000,6065
6025,98713600,7051.60,21.179,5.362,0.250,6.372,1.82,0.281,0.1000,6086
6050,99123200,6582.87,20.349,3.870,0.281,6.293,1.82,0.266,0.1009,6108
6075,99532800,7020.57,21.032,5.423,0.344,7.169,1.82,0.281,0.1000,6129
6100,99942400,6625.03,20.096,5.035,0.312,6.583,1.82,0.125,0.1000,6150
6125,100352000,6684.57,20.145,4.937,0.156,2.871,1.82,0.203,0.1017,6171
6150,100761600,6805.40,20.866,3.982,0.219,4.231,1.82,0.172,0.1003,6192
6175,101171200,7328.89,22.228,4.364,0.062,1.321,1.82,0.203,0.1000,6214
6200,101580800,6806.99,20.547,4.589,0.094,3.520,1.82,0.188,0.1000,6235
6225,101990400,6718.26,20.618,3.957,0.219,4.709,1.82,0.188,0.1010,6256
6250,102400000,7229.76,21.656,5.188,0.156,3.189,1.82,0.188,0.1001,6277
6275,102809600,7378.85,22.032,5.576,0.312,5.660,1.82,0.375,0.1011,6298
6300,103219200,7002.32,20.963,5.822,0.281,6.621,1.82,0.391,0.1001,6320
6325,103628800,7461.22,21.914,6.164,0.219,4.258,1.82,0.203,0.1002,6341
6350,104038400,7349.36,21.643,5.922,0.281,6.455,1.82,0.203,0.1010,6362
6375,104448000,6467.98,19.428,4.812,0.219,5.373,1.82,0.344,0.1007,6383
6400,104857600,8149.30,23.546,7.370,0.188,3.631,1.82,0.375,0.1005,6404
6425,105267200,7275.37,20.780,7.474,0.406,9.715,1.82,0.266,0.1004,6426
6450,105676800,6577.17,19.155,5.550,0.281,7.339,1.82,0.469,0.1006,6447
6475,106086400,7269.43,20.879,7.362,0.469,9.033,1.82,0.484,0.1000,6468
6500,106496000,7611.07,21.805,7.892,0.531,9.453,1.82,0.438,0.1000,6489
6525,106905600,7536.12,21.461,7.992,0.219,4.747,1.82,0.312,0.1006,6511
6550,107315200,7715.29,21.825,9.442,0.688,12.398,1.82,0.609,0.1009,6532
6575,107724800,6742.67,18.982,8.425,0.656,13.209,1.82,0.562,0.1000,6553
6600,108134400,6737.32,19.163,7.785,0.594,12.686,1.82,0.500,0.1000,6574
6625,108544000,7486.71,21.218,9.100,0.500,11.490,1.82,0.422,0.1016,6595
6650,108953600,7205.48,20.620,7.911,0.375,10.694,1.82,0.406,0.1000,6616
6675,109363200,8172.15,22.684,9.501,0.219,10.553,1.82,0.312,0.1000,6637
6700,109772800,7540.86,21.037,8.908,0.500,8.793,1.82,0.625,0.1009,6659
6725,110182400,7421.52,20.426,10.814,0.531,9.219,1.82,0.641,0.1019,6680
6750,110592000,7405.49,20.791,8.491,0.656,14.885,1.82,0.703,0.1014,6702
6775,111001600,6792.28,19.213,7.429,0.438,7.897,2.27,0.250,0.1000,6721
6800,111411200,6012.00,16.911,8.221,0.312,8.121,2.27,0.266,0.1012,6742
6825,111820800,6517.30,18.833,6.579,0.438,9.921,2.27,0.359,0.1000,6763
6850,112230400,5951.07,17.423,5.285,0.688,12.375,2.27,0.234,0.1000,6785
6875,112640000,6226.54,17.970,6.859,0.500,11.098,2.27,0.188,0.1000,6806
6900,113049600,6020.83,17.655,6.126,0.281,6.664,2.27,0.234,0.1013,6827
6925,113459200,5206.63,15.715,3.335,0.219,5.151,2.27,0.219,0.1000,6848
6950,113868800,6229.48,18.111,5.462,0.125,3.115,2.27,0.219,0.1000,6870
6975,114278400,6401.80,18.326,6.539,0.094,7.535,2.27,0.016,0.1039,6891
7000,114688000,4709.99,14.261,2.545,0.281,6.717,2.27,0.062,0.1002,6912
7025,115097600,5435.44,16.197,3.940,0.344,9.410,2.27,0.266,0.1003,6933
7050,115507200,5254.96,15.666,4.483,0.281,6.019,2.27,0.203,0.1000,6954
7075,115916800,6193.64,17.613,7.001,0.312,7.078,2.27,0.234,0.1000,6976
7100,116326400,6700.26,18.967,6.286,0.469,10.504,2.27,0.359,0.1005,6997
7125,116736000,5512.60,15.713,6.164,0.188,3.872,2.27,0.188,0.1000,7018
7150,117145600,6224.65,17.955,6.088,0.469,10.185,2.27,0.219,0.1000,7039
7175,117555200,6558.22,18.413,7.095,0.344,7.408,2.27,0.344,0.1007,7060
7200,117964800,6751.25,19.059,6.582,0.469,8.560,2.27,0.422,0.1020,7082
7225,118374400,6288.84,17.515,6.856,0.344,8.388,2.27,0.219,0.1000,7104
7250,118784000,6667.92,18.970,6.591,0.500,11.557,2.27,0.328,0.1012,7126
7275,119193600,6717.40,19.044,7.287,0.438,11.102,2.27,0.344,0.1003,7147
7300,119603200,6820.29,19.095,8.116,0.562,11.539,2.27,0.547,0.1001,7169
7325,120012800,5511.78,15.118,7.177,0.594,12.549,2.27,0.281,0.1002,7190
7350,120422400,6022.11,16.577,9.318,0.781,15.951,2.27,0.656,0.1014,7211
7375,120832000,6726.61,18.382,10.210,0.781,13.909,2.27,0.703,0.1001,7233
7400,121241600,5903.25,16.265,8.564,0.812,16.245,2.84,0.531,0.1001,7253
7425,121651200,6069.55,16.748,8.440,0.656,12.080,2.84,0.484,0.1000,7274
7450,122060800,6294.98,17.415,9.258,0.906,17.076,2.84,0.422,0.1007,7295
7475,122470400,6301.72,17.335,9.078,0.688,12.586,2.84,0.344,0.1000,7317
7500,122880000,5792.64,16.112,8.394,0.875,17.003,2.84,0.578,0.1002,7338
7525,123289600,5938.95,16.382,8.358,0.938,18.530,2.84,0.562,0.1020,7359
7550,123699200,6301.64,16.874,10.565,0.719,13.997,2.84,0.516,0.1015,7381
7575,124108800,6333.11,17.037,10.274,0.781,15.618,2.84,0.531,0.1000,7402
7600,124518400,6991.48,18.665,12.257,0.875,18.015,2.84,0.609,0.1003,7424
7625,124928000,5932.47,16.197,9.952,0.812,18.152,2.84,0.562,0.1016,7445
7650,125337600,5442.02,15.028,8.368,0.656,13.652,2.84,0.422,0.1000,7467
7675,125747200,5445.58,15.184,7.809,0.688,14.320,2.84,0.578,0.1006,7488
7700,126156800,5251.02,14.784,6.693,0.531,12.679,2.84,0.500,0.1002,7509
7725,126566400,6053.42,16.471,9.548,0.562,13.608,2.84,0.297,0.1000,7531
7750,126976000,5564.28,15.607,7.560,0.594,11.931,2.84,0.328,0.1004,7553
7775,127385600,6543.58,17.642,10.885,0.656,14.494,2.84,0.578,0.1000,7575
7800,127795200,5857.63,16.438,9.061,0.656,13.361,2.84,0.453,0.1000,7596
7825,128204800,5470.43,15.218,8.388,0.562,12.145,2.84,0.547,0.1000,7617
7850,128614400,6188.34,17.080,9.595,0.750,14.255,2.84,0.406,0.1000,7639
7875,129024000,5585.16,15.703,8.043,0.500,11.029,2.84,0.516,0.1000,7660
7900,129433600,6575.08,17.800,11.388,0.656,12.490,2.84,0.438,0.1008,7682
7925,129843200,5811.15,16.235,9.046,0.688,14.387,2.84,0.438,0.1000,7703
7950,130252800,6304.84,17.431,9.606,0.562,12.942,2.84,0.453,0.1004,7725
7975,130662400,5852.41,16.358,8.812,0.562,11.603,2.84,0.562,0.1006,7746
8000,131072000,6227.63,17.424,9.582,0.750,13.928,2.84,0.594,0.1001,7767
